{
  "_id": "script.js.common",
  "type": "channel",
  "common": {
    "name": {
      "en": "Common scripts (common)",
      "de": "Allgemeine Skripte (common)",
      "ru": "Общие скрипты (common)",
      "pt": "Scripts comuns (common)",
      "nl": "Common scripts (common)",
      "fr": "Scénarios communs (common)",
      "it": "Scrittori comuni (common)",
      "es": "Scripts comunes (common)",
      "pl": "Common script (common)",
      "uk": "Загальні сценарії (common)",
      "zh-cn": "共同说明 (common)"
    }
  },
  "native": {},
  "from": "system.host.winkelhus.cli",
  "ts": 1723292256751,
  "acl": {
    "object": 1636,
    "state": 1636,
    "file": 1632,
    "owner": "system.user.admin",
    "ownerGroup": "system.group.administrator"
  }
}