{
  "_id": "script.js.global",
  "type": "channel",
  "common": {
    "name": {
      "en": "Global scripts (global)",
      "de": "Globale Skripte (global)",
      "ru": "Глобальные скрипты (global)",
      "pt": "Scripts globais (global)",
      "nl": "Global scripts (global)",
      "fr": "Scénarios mondiaux (global)",
      "it": "Scrittori globali (global)",
      "es": "Guiones globales (global)",
      "pl": "Globalny scenariusz (global)",
      "uk": "Глобальні сценарії (global)",
      "zh-cn": "全球说明 (global)"
    }
  },
  "native": {},
  "from": "system.host.winkelhus.cli",
  "ts": 1723292256757,
  "acl": {
    "object": 1636,
    "state": 1636,
    "file": 1632,
    "owner": "system.user.admin",
    "ownerGroup": "system.group.administrator"
  }
}